XLOC_002412,1,28941552,28945946
XLOC_010248,10,8516138,8518846
XLOC_010507,10,11390453,11391149
XLOC_016182,11,27440686,27441335
XLOC_018872,12,1185436,1186163
XLOC_019365,12,6714563,6715052
XLOC_017440,12,10804236,10805330
XLOC_020710,12,23708230,23710670
XLOC_021525,2,3929657,3930501
XLOC_022221,2,12453593,12454475
XLOC_026722,2,30385540,30386275
XLOC_027048,2,34023054,34024161
XLOC_032019,3,18691617,18693774
XLOC_038393,4,21728391,21738260
XLOC_039864,5,153670,154538
XLOC_040283,5,4934215,4934660
XLOC_044080,5,21168278,21169693
XLOC_047761,6,1763272,1764344
XLOC_047762,6,1769532,1770299
XLOC_045319,6,3370652,3371178
XLOC_049416,6,21000152,21000623
XLOC_049686,6,24382464,24383258
XLOC_055265,7,28238941,28239562
XLOC_056097,8,7336412,7337257
XLOC_059622,8,22095262,22101174
XLOC_062549,9,5192811,5193717
XLOC_053418,7,4867997,4877914
XLOC_009232,10,19986970,19989282
XLOC_000029,1,182493,189743
XLOC_000035,1,224862,225697
XLOC_000063,1,528755,528961
XLOC_003731,1,581380,584377
XLOC_003733,1,595381,597804
XLOC_000078,1,677027,678155
XLOC_003758,1,808834,812714
XLOC_000101,1,856260,857823
XLOC_003766,1,869140,869670
XLOC_003772,1,917066,920705
XLOC_003778,1,961247,965989
XLOC_003793,1,1126168,1127397
XLOC_000121,1,1214756,1216700
XLOC_003820,1,1407126,1407903
XLOC_003850,1,1768574,1770219
XLOC_000181,1,1957488,1964278
XLOC_003872,1,1992298,1997909
XLOC_003879,1,2046219,2053057
XLOC_003882,1,2080399,2081240
XLOC_000229,1,2459440,2462307
XLOC_003983,1,3219220,3219730
XLOC_003988,1,3260133,3263556
XLOC_000326,1,3431747,3432737
XLOC_004026,1,3556957,3558048
XLOC_004031,1,3642549,3644088
XLOC_004044,1,3733794,3734411
XLOC_000352,1,3825601,3826362
XLOC_004062,1,3966041,3966694
XLOC_004092,1,4277767,4278705
XLOC_000420,1,4665716,4670002
XLOC_000443,1,5005576,5005834
XLOC_004154,1,5103344,5108970
XLOC_000450,1,5109114,5114633
XLOC_000459,1,5222529,5226907
XLOC_000463,1,5234831,5235078
XLOC_004186,1,5538288,5538538
XLOC_000487,1,5643870,5652435
XLOC_000495,1,5709902,5710185
XLOC_000520,1,6017042,6024220
XLOC_000564,1,6597931,6598172
XLOC_004275,1,6655756,6658859
XLOC_004276,1,6661126,6663334
XLOC_004278,1,6676400,6677994
XLOC_000582,1,6828462,6829110
XLOC_004318,1,7230422,7231102
XLOC_000629,1,7501475,7502764
XLOC_004365,1,7645379,7648580
XLOC_004372,1,7705951,7707524
XLOC_004393,1,7931533,7933691
XLOC_000707,1,8411273,8411837
XLOC_004446,1,8465945,8466356
XLOC_004471,1,8670176,8670778
XLOC_004473,1,8688924,8689814
XLOC_004478,1,8726414,8726929
XLOC_000725,1,8728937,8730461
XLOC_000727,1,8740795,8741356
XLOC_004507,1,9104625,9105209
XLOC_000775,1,9287109,9287409
XLOC_004531,1,9392013,9392258
XLOC_000792,1,9447033,9451557
XLOC_000795,1,9464621,9475334
XLOC_000802,1,9625166,9626874
XLOC_000803,1,9644076,9648244
XLOC_000805,1,9650081,9653561
XLOC_000828,1,9973936,9974304
XLOC_000829,1,9979639,9980200
XLOC_004607,1,10324502,10326342
XLOC_000869,1,10398616,10399094
XLOC_000875,1,10514268,10515437
XLOC_004660,1,10896509,10897052
XLOC_004665,1,10941243,10942779
XLOC_004666,1,10943027,10944017
XLOC_004667,1,10944708,10945126
XLOC_000909,1,10984685,10985636
XLOC_000915,1,11071348,11071843
XLOC_000919,1,11118683,11119342
XLOC_004689,1,11189087,11189350
XLOC_004714,1,11493762,11494018
XLOC_004725,1,11607454,11608578
XLOC_004747,1,11858876,11860207
XLOC_000999,1,12081696,12082663
XLOC_001006,1,12150341,12151413
XLOC_004772,1,12213928,12216208
XLOC_001012,1,12213929,12216338
XLOC_004779,1,12283127,12291455
XLOC_001020,1,12301527,12302649
XLOC_004798,1,12572963,12573900
XLOC_004804,1,12633945,12634334
XLOC_001095,1,13198384,13199620
XLOC_004855,1,13336523,13336945
XLOC_004876,1,13611529,13611923
XLOC_004881,1,13634945,13635241
XLOC_004932,1,14141421,14142909
XLOC_004933,1,14152432,14152971
XLOC_001191,1,14221120,14223307
XLOC_004944,1,14279443,14279951
XLOC_004982,1,14775283,14785514
XLOC_004984,1,14828257,14829236
XLOC_001234,1,14839230,14839645
XLOC_001235,1,14844932,14845139
XLOC_001236,1,14845661,14845861
XLOC_001262,1,15161727,15165899
XLOC_001273,1,15338042,15342841
XLOC_005022,1,15351086,15351396
XLOC_005031,1,15416388,15417535
XLOC_001343,1,16135108,16135975
XLOC_001347,1,16202307,16205733
XLOC_005117,1,16536286,16542338
XLOC_005155,1,17075854,17077543
XLOC_001425,1,17253986,17254999
XLOC_001428,1,17261918,17263631
XLOC_001433,1,17304401,17308199
XLOC_005186,1,17448778,17449018
XLOC_005197,1,17545112,17545921
XLOC_005213,1,17792841,17794169
XLOC_005247,1,18129505,18132648
XLOC_005261,1,18337628,18338059
XLOC_001553,1,18667906,18669017
XLOC_005303,1,18818221,18819099
XLOC_001571,1,18818221,18819099
XLOC_001574,1,18835586,18836158
XLOC_001623,1,19393530,19394543
XLOC_001636,1,19578479,19579407
XLOC_005378,1,19690821,19694183
XLOC_005400,1,19919211,19919818
XLOC_001672,1,19935708,19936064
XLOC_001689,1,20104701,20105842
XLOC_001707,1,20316693,20317554
XLOC_001710,1,20335125,20336893
XLOC_001711,1,20365252,20365460
XLOC_001717,1,20418705,20419591
XLOC_001718,1,20421091,20421318
XLOC_005443,1,20450321,20451148
XLOC_005464,1,20746170,20750559
XLOC_001757,1,20979284,20979546
XLOC_001766,1,21107187,21107975
XLOC_005520,1,21407696,21408485
XLOC_005521,1,21411206,21411439
XLOC_001832,1,21964549,21965444
XLOC_001835,1,21982528,21982905
XLOC_001845,1,22091777,22092020
XLOC_001862,1,22294833,22295041
XLOC_001884,1,22523549,22524355
XLOC_005670,1,23323569,23324013
XLOC_001957,1,23382631,23382961
XLOC_005675,1,23418047,23418646
XLOC_005676,1,23420263,23438159
XLOC_005687,1,23541688,23544390
XLOC_001986,1,23704173,23704616
XLOC_005709,1,23749138,23749648
XLOC_005711,1,23779664,23780795
XLOC_002005,1,23901109,23903068
XLOC_002017,1,24046282,24047639
XLOC_005741,1,24124696,24125609
XLOC_005755,1,24286538,24287210
XLOC_005779,1,24584869,24586625
XLOC_005788,1,24741606,24741814
XLOC_002066,1,24819696,24820593
XLOC_002067,1,24833469,24838626
XLOC_005810,1,25019127,25021627
XLOC_002083,1,25019127,25021627
XLOC_005819,1,25118422,25128850
XLOC_002102,1,25215608,25215967
XLOC_005835,1,25390201,25413570
XLOC_002124,1,25433894,25434251
XLOC_005848,1,25489835,25490652
XLOC_005870,1,25784415,25785018
XLOC_002159,1,25818222,25818968
XLOC_002180,1,26051760,26054049
XLOC_002189,1,26179691,26180232
XLOC_002207,1,26383952,26389734
XLOC_005939,1,26764113,26765687
XLOC_005956,1,27008672,27009457
XLOC_002258,1,27061362,27066596
XLOC_005968,1,27162702,27164199
XLOC_002273,1,27233613,27234066
XLOC_006010,1,27613994,27614551
XLOC_006011,1,27623036,27624058
XLOC_002302,1,27623046,27624058
XLOC_002326,1,27950365,27951344
XLOC_006041,1,28013984,28014768
XLOC_006054,1,28153740,28154629
XLOC_006056,1,28186176,28186660
XLOC_006065,1,28336478,28337435
XLOC_002364,1,28337157,28337931
XLOC_002384,1,28587920,28588150
XLOC_002388,1,28603158,28603519
XLOC_006095,1,28673483,28673989
XLOC_006119,1,28900201,28904109
XLOC_002437,1,29165552,29165799
XLOC_006137,1,29194674,29197086
XLOC_002443,1,29203577,29203828
XLOC_006140,1,29213496,29214391
XLOC_002464,1,29384377,29384991
XLOC_006156,1,29472129,29472749
XLOC_002498,1,29774299,29775209
XLOC_002536,1,30142058,30143002
XLOC_002548,1,30277911,30279298
XLOC_006222,1,30297056,30297763
XLOC_006223,1,30298499,30299445
XLOC_002571,1,30549532,30551698
XLOC_002623,1,31040709,31041148
XLOC_006293,1,31089499,31092053
XLOC_006333,1,31499595,31500627
XLOC_006361,1,31787471,31788143
XLOC_002718,1,32193636,32194489
XLOC_006426,1,32421381,32423333
XLOC_006448,1,32682310,32682629
XLOC_006453,1,32743024,32743249
XLOC_002831,1,33543838,33546813
XLOC_006527,1,33672493,33674502
XLOC_006528,1,33683893,33688594
XLOC_002849,1,33707233,33708247
XLOC_006534,1,33723661,33724126
XLOC_002855,1,33764679,33766193
XLOC_006537,1,33778002,33778497
XLOC_006559,1,34068364,34068834
XLOC_006564,1,34131529,34131769
XLOC_002928,1,34427862,34432489
XLOC_002931,1,34438123,34441370
XLOC_002933,1,34458163,34463324
XLOC_006607,1,34661526,34661861
XLOC_006614,1,34737074,34738141
XLOC_006615,1,34738699,34746464
XLOC_002965,1,34840914,34841653
XLOC_006656,1,35192282,35192778
XLOC_006694,1,35745259,35749655
XLOC_003074,1,36115214,36115472
XLOC_003086,1,36248507,36250357
XLOC_006748,1,36308222,36311080
XLOC_006755,1,36392091,36392703
XLOC_006758,1,36427743,36427957
XLOC_003108,1,36452859,36453160
XLOC_003114,1,36538121,36538526
XLOC_003125,1,36684209,36685471
XLOC_006792,1,36797351,36797861
XLOC_006810,1,37059630,37060189
XLOC_006892,1,38037642,38038392
XLOC_006896,1,38082032,38088535
XLOC_003268,1,38334102,38334534
XLOC_006926,1,38394810,38395414
XLOC_003315,1,38856379,38857101
XLOC_006992,1,39111584,39112048
XLOC_006996,1,39118050,39118899
XLOC_006997,1,39119752,39120207
XLOC_003340,1,39119795,39120180
XLOC_007028,1,39397384,39399584
XLOC_007071,1,39842876,39843134
XLOC_007072,1,39844090,39844994
XLOC_003416,1,40065534,40066414
XLOC_007105,1,40265707,40266359
XLOC_007147,1,40909636,40911617
XLOC_003504,1,41109932,41111230
XLOC_007231,1,42033647,42034264
XLOC_003686,1,43248713,43249488
XLOC_009554,10,156227,157480
XLOC_009614,10,779632,780114
XLOC_009633,10,995824,998165
XLOC_007668,10,1215196,1215813
XLOC_007671,10,1267768,1269845
XLOC_009668,10,1327712,1328051
XLOC_007712,10,1698323,1699035
XLOC_007724,10,1870043,1870466
XLOC_007725,10,1878879,1879125
XLOC_009717,10,1895994,1896315
XLOC_007729,10,1923015,1934001
XLOC_009736,10,2211542,2212369
XLOC_007759,10,2283616,2284379
XLOC_007760,10,2312851,2313662
XLOC_009747,10,2337150,2339694
XLOC_009769,10,2673084,2673507
XLOC_007804,10,2813741,2813955
XLOC_007821,10,3068465,3071106
XLOC_009832,10,3380476,3381183
XLOC_007859,10,3541215,3542171
XLOC_009841,10,3547752,3547992
XLOC_009842,10,3576871,3577810
XLOC_009844,10,3614207,3614456
XLOC_007876,10,3655707,3656444
XLOC_009865,10,3896906,3900233
XLOC_007899,10,3940446,3941227
XLOC_009913,10,4407601,4408492
XLOC_007946,10,4490190,4490799
XLOC_009916,10,4507654,4509946
XLOC_007952,10,4543707,4545692
XLOC_007988,10,4944330,4944939
XLOC_008006,10,5155784,5156888
XLOC_008018,10,5252510,5254974
XLOC_008021,10,5264051,5264452
XLOC_009988,10,5372961,5376610
XLOC_009998,10,5474296,5486842
XLOC_010000,10,5513575,5513944
XLOC_008043,10,5526397,5526790
XLOC_008045,10,5533813,5541837
XLOC_008061,10,5723897,5724698
XLOC_010021,10,5818753,5819448
XLOC_010023,10,5841202,5843440
XLOC_008103,10,6177530,6178079
XLOC_008133,10,6555867,6556636
XLOC_008155,10,6835111,6845792
XLOC_008181,10,7189950,7190547
XLOC_010132,10,7263243,7264562
XLOC_010145,10,7406923,7409185
XLOC_010165,10,7620502,7621415
XLOC_010190,10,7803139,7803928
XLOC_010220,10,8203104,8203875
XLOC_008292,10,8660427,8664544
XLOC_008301,10,8724528,8724909
XLOC_008312,10,8866920,8870093
XLOC_008313,10,8870432,8874037
XLOC_010281,10,8943304,8944268
XLOC_008376,10,9552862,9553467
XLOC_008403,10,9933553,9933764
XLOC_010374,10,9950546,9950960
XLOC_010375,10,9951610,9953117
XLOC_008405,10,9956229,9956767
XLOC_010379,10,9969154,9970042
XLOC_008417,10,10118330,10119806
XLOC_008434,10,10351355,10352293
XLOC_010418,10,10397805,10398312
XLOC_008445,10,10539614,10545399
XLOC_010448,10,10785234,10785667
XLOC_010472,10,10910035,10911119
XLOC_008498,10,11079918,11087251
XLOC_010500,10,11272612,11273376
XLOC_008525,10,11396593,11397642
XLOC_008540,10,11579403,11580752
XLOC_008549,10,11751519,11753481
XLOC_010545,10,11784254,11788336
XLOC_010556,10,11954621,11956036
XLOC_008572,10,11955153,11956006
XLOC_010561,10,12024382,12024814
XLOC_010588,10,12300238,12300637
XLOC_010598,10,12403262,12403828
XLOC_010636,10,12798827,12803967
XLOC_008656,10,13036068,13040702
XLOC_010670,10,13238046,13244165
XLOC_010681,10,13337618,13338626
XLOC_008681,10,13383372,13384587
XLOC_010730,10,13960652,13960872
XLOC_010734,10,14018516,14019237
XLOC_010747,10,14183362,14183947
XLOC_008736,10,14190636,14195145
XLOC_008773,10,14599291,14599937
XLOC_010784,10,14662522,14663623
XLOC_008792,10,14823858,14825027
XLOC_008794,10,14853583,14854042
XLOC_008858,10,15384285,15384795
XLOC_008870,10,15467964,15471237
XLOC_010859,10,15521769,15524250
XLOC_010874,10,15647213,15647936
XLOC_010892,10,15880966,15881890
XLOC_010908,10,16060393,16061093
XLOC_008943,10,16400022,16401845
XLOC_008951,10,16528000,16528585
XLOC_008952,10,16529095,16530303
XLOC_008968,10,16813783,16814492
XLOC_008987,10,17025730,17027847
XLOC_011015,10,17164791,17165544
XLOC_008998,10,17172876,17173518
XLOC_011017,10,17177964,17179573
XLOC_009025,10,17441952,17444638
XLOC_011042,10,17597194,17597793
XLOC_011047,10,17652122,17652327
XLOC_009042,10,17685742,17688182
XLOC_011067,10,17971394,17973692
XLOC_011068,10,17974171,17975949
XLOC_011071,10,18092539,18092769
XLOC_009114,10,18642250,18644884
XLOC_009150,10,19038103,19038732
XLOC_009151,10,19040402,19040774
XLOC_011160,10,19095611,19096624
XLOC_009175,10,19242565,19243377
XLOC_009178,10,19260518,19261667
XLOC_009180,10,19272210,19272409
XLOC_009204,10,19592955,19594254
XLOC_011231,10,19874408,19875254
XLOC_009228,10,19918200,19920576
XLOC_009251,10,20153410,20153736
XLOC_009262,10,20271878,20272574
XLOC_009263,10,20277939,20278793
XLOC_009284,10,20481627,20482629
XLOC_011310,10,20877624,20878278
XLOC_009352,10,21061197,21064820
XLOC_011327,10,21077782,21078155
XLOC_011331,10,21130368,21130803
XLOC_011334,10,21156117,21157027
XLOC_011344,10,21367105,21367955
XLOC_011346,10,21375847,21381732
XLOC_009420,10,21804252,21807430
XLOC_011393,10,21878868,21879628
XLOC_009442,10,22093707,22094322
XLOC_009458,10,22266609,22267567
XLOC_009465,10,22355692,22359768
XLOC_009474,10,22476656,22477739
XLOC_009499,10,22683971,22686752
XLOC_009502,10,22737133,22738731
XLOC_009509,10,22824692,22825616
XLOC_013984,11,110146,114991
XLOC_013988,11,135045,136603
XLOC_013992,11,166070,169392
XLOC_013993,11,184512,184823
XLOC_014033,11,569586,571147
XLOC_014037,11,618025,619856
XLOC_014048,11,691179,693537
XLOC_011706,11,784983,786522
XLOC_011710,11,828187,828859
XLOC_011711,11,829903,831731
XLOC_011715,11,870070,870878
XLOC_011739,11,1117509,1118611
XLOC_011774,11,1474182,1477405
XLOC_011795,11,1764889,1765459
XLOC_011802,11,1817185,1818028
XLOC_011813,11,1946004,1946868
XLOC_014179,11,1948165,1948762
XLOC_011843,11,2205370,2207772
XLOC_011848,11,2265362,2265646
XLOC_011849,11,2266288,2266711
XLOC_011874,11,2453293,2459962
XLOC_014226,11,2454751,2460886
XLOC_011884,11,2541056,2542765
XLOC_011889,11,2611204,2614224
XLOC_011910,11,2871143,2871484
XLOC_014291,11,3364785,3365002
XLOC_011960,11,3457294,3458027
XLOC_011977,11,3656733,3657126
XLOC_011990,11,3828201,3828670
XLOC_011994,11,3867667,3868159
XLOC_012006,11,4004355,4004866
XLOC_014353,11,4061341,4061628
XLOC_014367,11,4202410,4203433
XLOC_012052,11,4505000,4505859
XLOC_014393,11,4622443,4623681
XLOC_014416,11,4853348,4854688
XLOC_014444,11,5114196,5115126
XLOC_014459,11,5236261,5240680
XLOC_012109,11,5259414,5260556
XLOC_014462,11,5265344,5274326
XLOC_012140,11,5885578,5885928
XLOC_014527,11,5943705,5944794
XLOC_014556,11,6240384,6240697
XLOC_012172,11,6266402,6267234
XLOC_012180,11,6353689,6354362
XLOC_014596,11,6681066,6681577
XLOC_012238,11,7035392,7035617
XLOC_012242,11,7077972,7078177
XLOC_012246,11,7121611,7125153
XLOC_014633,11,7199579,7214570
XLOC_014644,11,7326474,7327570
XLOC_012262,11,7354790,7355396
XLOC_012272,11,7443833,7459808
XLOC_012274,11,7474351,7477239
XLOC_014657,11,7487546,7492938
XLOC_012284,11,7643050,7643513
XLOC_012290,11,7783225,7783961
XLOC_014686,11,7793181,7794317
XLOC_014688,11,7797120,7803272
XLOC_012293,11,7806368,7814293
XLOC_014690,11,7806374,7812397
XLOC_012305,11,8005229,8006199
XLOC_014724,11,8277970,8278454
XLOC_014733,11,8362247,8363820
XLOC_014749,11,8542381,8554359
XLOC_012357,11,8566912,8568855
XLOC_012409,11,9324121,9324320
XLOC_014820,11,9429455,9433460
XLOC_014832,11,9593220,9593599
XLOC_012436,11,9744766,9745303
XLOC_012477,11,10430737,10431691
XLOC_014915,11,10780165,10783060
XLOC_012519,11,10933159,10934857
XLOC_012558,11,11396567,11403564
XLOC_014967,11,11518213,11522265
XLOC_012569,11,11576883,11577612
XLOC_014974,11,11609964,11610657
XLOC_012572,11,11631013,11631335
XLOC_014980,11,11712501,11716329
XLOC_014987,11,11807559,11807851
XLOC_014994,11,11895492,11895878
XLOC_012605,11,11956108,11958438
XLOC_012612,11,12010901,12013515
XLOC_015023,11,12608787,12612897
XLOC_015039,11,12729829,12730636
XLOC_015056,11,12891433,12891643
XLOC_015076,11,13089210,13089964
XLOC_012672,11,13230536,13230857
XLOC_015113,11,13503125,13505073
XLOC_012693,11,13506266,13507250
XLOC_015114,11,13506327,13507237
XLOC_015121,11,13603397,13603665
XLOC_012707,11,13631322,13632432
XLOC_015128,11,13717137,13719296
XLOC_012719,11,13752445,13757587
XLOC_015132,11,13761837,13764607
XLOC_012720,11,13763644,13764607
XLOC_015140,11,13886712,13887314
XLOC_015142,11,13917002,13917355
XLOC_012745,11,14047221,14047912
XLOC_012748,11,14080623,14081407
XLOC_015155,11,14080623,14081447
XLOC_015166,11,14186666,14187193
XLOC_015196,11,14559808,14560818
XLOC_015198,11,14566286,14566584
XLOC_012790,11,14574901,14575899
XLOC_015216,11,14777725,14778182
XLOC_012847,11,15228065,15228653
XLOC_012848,11,15234876,15235635
XLOC_015244,11,15234876,15235677
XLOC_012854,11,15329517,15330286
XLOC_015262,11,15349423,15350054
XLOC_012859,11,15455359,15455639
XLOC_012865,11,15512086,15515546
XLOC_015281,11,15758275,15758672
XLOC_015284,11,15799536,15805126
XLOC_015292,11,15873756,15874406
XLOC_015301,11,15973170,15973431
XLOC_012926,11,16107170,16107720
XLOC_012933,11,16195478,16198316
XLOC_012934,11,16200776,16201783
XLOC_015325,11,16283177,16291400
XLOC_015326,11,16300017,16300295
XLOC_012951,11,16365946,16367427
XLOC_012985,11,16881833,16884002
XLOC_015372,11,16922737,16924795
XLOC_013001,11,17069394,17075861
XLOC_015385,11,17082793,17083292
XLOC_015392,11,17121957,17124720
XLOC_013023,11,17373053,17373875
XLOC_013029,11,17418465,17419856
XLOC_013050,11,17630045,17630406
XLOC_013061,11,17738919,17740105
XLOC_013068,11,17856578,17863006
XLOC_013072,11,17902414,17902714
XLOC_015474,11,18154378,18154793
XLOC_015475,11,18156203,18157596
XLOC_015481,11,18267549,18268815
XLOC_013113,11,18592391,18593166
XLOC_015509,11,18679729,18680040
XLOC_013119,11,18683325,18684329
XLOC_013137,11,19016798,19017010
XLOC_013147,11,19133182,19134070
XLOC_013175,11,19480070,19481249
XLOC_013197,11,19733971,19734895
XLOC_015604,11,19881252,19882035
XLOC_015641,11,20285805,20286256
XLOC_015659,11,20488485,20489373
XLOC_013268,11,20616940,20618434
XLOC_015674,11,20631923,20632404
XLOC_015681,11,20702446,20702901
XLOC_015692,11,20814991,20815205
XLOC_015705,11,20964567,20964889
XLOC_015729,11,21307916,21308441
XLOC_015750,11,21585601,21590524
XLOC_013348,11,21632045,21632376
XLOC_015759,11,21684812,21686737
XLOC_013376,11,21859273,21860350
XLOC_015784,11,22030053,22031958
XLOC_013397,11,22081841,22082071
XLOC_013402,11,22125912,22127638
XLOC_015801,11,22236744,22237220
XLOC_013485,11,23224591,23228206
XLOC_013487,11,23234581,23238241
XLOC_013522,11,23661472,23664550
XLOC_013526,11,23729616,23729832
XLOC_015913,11,23744801,23745607
XLOC_015924,11,23898250,23898501
XLOC_015930,11,23954214,23954684
XLOC_013550,11,24017928,24018180
XLOC_015939,11,24058525,24059996
XLOC_013558,11,24101154,24102071
XLOC_013561,11,24118704,24124862
XLOC_015964,11,24267634,24275024
XLOC_013576,11,24339001,24340573
XLOC_013585,11,24504635,24507451
XLOC_015993,11,24708969,24709454
XLOC_013603,11,24722937,24723724
XLOC_013615,11,24824298,24825745
XLOC_013625,11,24927500,24928051
XLOC_013635,11,25039407,25039799
XLOC_013639,11,25134504,25137775
XLOC_016060,11,25621461,25623949
XLOC_013690,11,25778568,25785923
XLOC_016085,11,25966643,25968189
XLOC_013706,11,26061386,26061788
XLOC_016095,11,26061465,26061790
XLOC_016129,11,26533775,26537235
XLOC_013781,11,26874409,26875227
XLOC_013840,11,27516464,27516780
XLOC_016213,11,27756174,27757911
XLOC_013875,11,27918729,27919009
XLOC_016232,11,28054207,28055923
XLOC_016253,11,28379737,28380694
XLOC_016262,11,28516789,28520500
XLOC_013923,11,28560423,28560894
XLOC_016266,11,28579700,28583989
XLOC_013933,11,28700686,28702678
XLOC_013959,11,28828741,28836599
XLOC_013966,11,28909325,28909867
XLOC_016303,11,28967857,28969676
XLOC_016563,12,686164,686548
XLOC_016564,12,689593,690287
XLOC_018825,12,722473,722681
XLOC_016575,12,751905,752620
XLOC_016576,12,755460,756363
XLOC_018838,12,855389,856025
XLOC_016587,12,871802,872315
XLOC_016588,12,873231,874063
XLOC_016647,12,1594452,1599621
XLOC_016651,12,1691786,1692133
XLOC_016669,12,1811369,1815114
XLOC_018942,12,1812555,1816380
XLOC_018968,12,2031716,2040658
XLOC_018980,12,2199534,2200931
XLOC_018985,12,2256404,2257282
XLOC_019011,12,2544721,2545822
XLOC_016739,12,2564305,2565435
XLOC_019024,12,2683075,2683329
XLOC_016753,12,2691396,2692010
XLOC_019043,12,2883740,2883947
XLOC_016778,12,3094247,3094767
XLOC_016779,12,3136101,3136302
XLOC_019085,12,3369742,3370586
XLOC_019088,12,3398590,3399044
XLOC_019106,12,3651450,3653209
XLOC_019107,12,3664049,3664959
XLOC_016831,12,3733441,3734320
XLOC_019112,12,3733441,3736452
XLOC_016842,12,3872414,3872621
XLOC_019144,12,4157048,4157577
XLOC_019149,12,4184368,4186815
XLOC_016891,12,4358775,4360310
XLOC_019186,12,4622698,4622986
XLOC_019190,12,4658247,4658712
XLOC_019195,12,4701668,4702107
XLOC_019235,12,5165364,5168685
XLOC_016982,12,5454959,5455369
XLOC_016983,12,5467828,5469407
XLOC_016998,12,5620473,5621770
XLOC_019281,12,5621114,5621574
XLOC_019314,12,6048772,6049126
XLOC_019318,12,6119538,6121580
XLOC_019328,12,6218653,6219040
XLOC_019329,12,6227182,6228193
XLOC_019338,12,6367413,6367968
XLOC_017067,12,6393594,6394303
XLOC_017068,12,6398964,6399524
XLOC_017072,12,6454553,6455126
XLOC_019345,12,6462187,6463535
XLOC_019349,12,6509746,6510821
XLOC_017094,12,6766604,6767100
XLOC_019409,12,7327663,7328292
XLOC_017152,12,7385154,7386240
XLOC_017154,12,7394158,7396944
XLOC_017163,12,7494518,7494869
XLOC_017193,12,7838072,7838318
XLOC_017194,12,7843599,7843980
XLOC_017195,12,7844621,7844956
XLOC_019446,12,7896001,7896337
XLOC_019448,12,7929260,7929926
XLOC_017222,12,8145488,8146727
XLOC_019477,12,8326792,8327247
XLOC_017267,12,8695279,8699349
XLOC_019517,12,8784891,8786128
XLOC_017310,12,9165647,9166356
XLOC_017312,12,9188513,9190951
XLOC_019571,12,9493713,9495771
XLOC_017339,12,9499887,9500599
XLOC_019573,12,9513755,9514418
XLOC_019574,12,9515203,9516866
XLOC_019575,12,9550266,9550848
XLOC_019612,12,9965486,9968600
XLOC_017420,12,10587890,10588945
XLOC_017441,12,10808005,10810185
XLOC_019691,12,10889422,10889976
XLOC_019708,12,11098011,11098362
XLOC_019709,12,11100892,11101160
XLOC_019716,12,11277060,11277878
XLOC_019722,12,11455881,11456334
XLOC_017500,12,11539411,11539864
XLOC_017512,12,11704577,11707098
XLOC_017526,12,11927464,11928157
XLOC_019812,12,12400229,12403114
XLOC_017593,12,12833807,12840096
XLOC_019858,12,12937434,12940318
XLOC_019867,12,13055511,13060518
XLOC_019884,12,13236992,13237388
XLOC_019893,12,13348980,13350044
XLOC_017639,12,13348984,13350038
XLOC_017640,12,13350916,13351491
XLOC_019905,12,13386373,13388777
XLOC_017661,12,13413793,13419270
XLOC_017672,12,13507802,13508104
XLOC_019926,12,13546913,13547915
XLOC_019946,12,13864425,13865000
XLOC_017722,12,14156862,14161012
XLOC_017728,12,14227928,14229192
XLOC_019972,12,14318695,14318944
XLOC_019987,12,14469166,14469789
XLOC_019991,12,14540706,14541342
XLOC_019997,12,14688395,14693184
XLOC_017771,12,14746918,14747785
XLOC_017783,12,14951112,14951342
XLOC_020024,12,14963609,14965041
XLOC_020029,12,15045674,15046141
XLOC_017816,12,15469767,15470862
XLOC_020065,12,15542342,15543234
XLOC_020090,12,15791300,15791727
XLOC_017853,12,15989536,15990718
XLOC_017861,12,16128695,16129064
XLOC_020134,12,16404235,16406363
XLOC_020140,12,16485992,16486446
XLOC_020157,12,16734902,16736667
XLOC_020207,12,17354049,17358775
XLOC_017959,12,17467235,17467456
XLOC_020242,12,17797934,17798491
XLOC_020247,12,17831765,17835055
XLOC_017994,12,17950502,17951352
XLOC_018033,12,18411472,18411809
XLOC_020283,12,18451153,18451400
XLOC_020304,12,18623703,18624358
XLOC_020307,12,18646304,18647087
XLOC_018053,12,18721463,18724671
XLOC_020316,12,18799053,18799269
XLOC_018066,12,18846212,18847602
XLOC_020334,12,18988953,18989469
XLOC_018086,12,19169514,19170145
XLOC_020360,12,19255619,19256196
XLOC_020361,12,19267663,19267923
XLOC_018091,12,19291358,19291772
XLOC_018114,12,19586800,19587431
XLOC_020388,12,19624989,19625211
XLOC_020427,12,20109103,20109500
XLOC_018149,12,20113954,20115171
XLOC_018155,12,20190719,20191332
XLOC_018171,12,20351176,20351388
XLOC_018212,12,20780172,20780589
XLOC_018236,12,21097398,21098071
XLOC_018242,12,21159340,21159939
XLOC_020545,12,21340363,21340579
XLOC_020554,12,21454363,21455193
XLOC_018268,12,21460514,21463628
XLOC_018279,12,21593959,21596999
XLOC_020586,12,21853934,21854559
XLOC_018306,12,22021956,22031159
XLOC_020597,12,22079683,22079886
XLOC_018316,12,22190350,22191090
XLOC_020611,12,22239453,22240820
XLOC_020615,12,22282979,22287672
XLOC_020624,12,22403524,22404146
XLOC_020626,12,22471812,22472086
XLOC_018342,12,22517608,22518943
XLOC_020653,12,22815688,22823709
XLOC_018412,12,23313229,23315267
XLOC_018416,12,23328608,23329931
XLOC_020719,12,23788997,23789527
XLOC_018471,12,24003342,24003650
XLOC_018478,12,24047631,24049119
XLOC_020737,12,24070527,24071965
XLOC_020764,12,24511944,24512597
XLOC_020779,12,24695346,24695668
XLOC_018542,12,24799220,24810435
XLOC_018578,12,25226596,25227060
XLOC_018584,12,25292034,25292330
XLOC_018590,12,25340626,25340913
XLOC_018622,12,25708876,25709967
XLOC_020890,12,26071582,26072020
XLOC_018654,12,26238516,26238737
XLOC_020929,12,26588250,26589554
XLOC_020953,12,26899708,26900007
XLOC_020962,12,27002697,27005277
XLOC_020967,12,27062877,27063745
XLOC_018721,12,27072746,27077961
XLOC_018725,12,27134691,27135068
XLOC_020982,12,27238481,27239110
XLOC_021157,2,196334,197180
XLOC_021191,2,596472,597320
XLOC_024206,2,616198,617439
XLOC_021210,2,815858,816430
XLOC_024238,2,985197,986618
XLOC_024266,2,1276743,1278215
XLOC_024279,2,1498842,1499051
XLOC_021282,2,1548502,1549680
XLOC_024291,2,1615243,1618912
XLOC_021294,2,1716869,1718011
XLOC_024308,2,1797525,1798316
XLOC_024360,2,2509768,2515999
XLOC_024373,2,2648536,2655324
XLOC_024374,2,2674437,2675935
XLOC_021408,2,2941572,2942762
XLOC_021411,2,2970791,2976316
XLOC_021412,2,2978222,2985171
XLOC_021414,2,3004862,3005659
XLOC_021416,2,3028268,3030429
XLOC_021418,2,3052650,3056046
XLOC_021419,2,3064978,3065468
XLOC_021422,2,3083979,3085002
XLOC_021423,2,3091720,3092092
XLOC_024423,2,3122341,3122855
XLOC_021426,2,3123916,3124489
XLOC_021428,2,3132473,3136591
XLOC_024438,2,3279888,3281217
XLOC_021469,2,3431394,3434093
XLOC_021483,2,3557442,3560750
XLOC_021506,2,3747161,3747439
XLOC_024500,2,4093411,4094765
XLOC_024537,2,4500314,4514527
XLOC_024540,2,4524553,4527085
XLOC_021585,2,4636282,4637684
XLOC_024601,2,5237483,5238189
XLOC_024647,2,5683631,5684306
XLOC_024648,2,5685584,5687202
XLOC_024668,2,5938318,5939580
XLOC_024676,2,6072173,6073160
XLOC_021707,2,6227383,6233913
XLOC_021709,2,6251177,6252521
XLOC_021748,2,6480020,6480741
XLOC_024717,2,6501305,6501937
XLOC_021752,2,6515786,6518334
XLOC_024722,2,6523880,6524740
XLOC_021753,2,6534315,6538376
XLOC_024724,2,6534349,6538363
XLOC_024727,2,6549466,6552219
XLOC_024738,2,6665349,6667946
XLOC_021774,2,6701189,6701432
XLOC_021775,2,6711105,6713530
XLOC_024744,2,6711105,6716668
XLOC_024748,2,6770714,6779381
XLOC_024760,2,6957124,6958470
XLOC_021805,2,7089613,7089833
XLOC_024785,2,7235099,7238500
XLOC_021822,2,7325181,7326794
XLOC_024796,2,7429921,7430377
XLOC_024808,2,7616136,7618816
XLOC_024811,2,7646387,7655102
XLOC_021851,2,7778706,7779848
XLOC_021884,2,8231960,8232954
XLOC_021886,2,8248604,8250956
XLOC_021887,2,8251488,8254387
XLOC_024885,2,8614485,8621817
XLOC_024891,2,8661640,8662288
XLOC_024906,2,8838237,8838509
XLOC_024908,2,8845418,8846469
XLOC_024921,2,9051680,9052009
XLOC_024928,2,9191383,9191582
XLOC_024934,2,9300784,9301132
XLOC_022010,2,9660222,9660745
XLOC_024980,2,9909137,9909960
XLOC_024997,2,10125907,10126720
XLOC_025003,2,10205715,10207411
XLOC_025037,2,10646475,10646677
XLOC_022084,2,10656034,10656571
XLOC_025052,2,10791685,10808495
XLOC_025070,2,10942840,10945941
XLOC_022127,2,11127848,11128841
XLOC_025093,2,11233107,11233778
XLOC_022136,2,11248520,11248773
XLOC_025099,2,11319614,11320296
XLOC_025107,2,11426993,11431356
XLOC_022158,2,11544679,11545170
XLOC_025131,2,11767936,11769334
XLOC_022216,2,12409543,12421849
XLOC_022253,2,12902891,12905748
XLOC_025237,2,13035926,13037108
XLOC_022290,2,13247383,13247733
XLOC_025251,2,13256591,13257350
XLOC_025279,2,13544413,13544651
XLOC_025299,2,13855376,13859344
XLOC_022332,2,13878298,13880505
XLOC_022339,2,13924514,13925228
XLOC_025316,2,13961773,13971603
XLOC_025318,2,13990385,13993780
XLOC_025325,2,14095428,14095834
XLOC_022367,2,14252969,14253749
XLOC_025346,2,14277897,14281515
XLOC_022375,2,14349203,14349433
XLOC_022427,2,14970135,14973500
XLOC_022457,2,15328029,15328568
XLOC_022466,2,15423811,15425387
XLOC_022474,2,15497864,15498358
XLOC_022481,2,15582285,15582573
XLOC_025454,2,15705173,15708736
XLOC_022528,2,16054616,16055045
XLOC_025482,2,16132313,16135398
XLOC_025516,2,16520214,16520759
XLOC_022644,2,17366954,17367467
XLOC_025578,2,17403054,17403490
XLOC_025593,2,17544576,17548636
XLOC_025594,2,17550538,17555052
XLOC_025597,2,17583850,17585526
XLOC_022682,2,17790767,17791766
XLOC_025639,2,18110656,18112132
XLOC_022718,2,18151417,18151775
XLOC_022739,2,18379496,18380729
XLOC_025674,2,18530947,18531655
XLOC_022752,2,18657668,18658063
XLOC_025690,2,18746322,18746532
XLOC_025691,2,18748103,18748316
XLOC_022764,2,18837824,18844326
XLOC_025718,2,19086827,19088192
XLOC_022818,2,19564755,19565696
XLOC_025779,2,19806396,19806751
XLOC_025783,2,19850336,19851771
XLOC_025798,2,19991754,19991999
XLOC_025837,2,20579490,20581579
XLOC_025843,2,20631276,20634020
XLOC_022908,2,20786917,20787914
XLOC_025862,2,20865535,20866653
XLOC_025865,2,20875879,20878068
XLOC_025866,2,20887830,20899487
XLOC_025873,2,20971642,20977632
XLOC_022927,2,21024052,21025330
XLOC_025882,2,21094837,21095198
XLOC_022935,2,21141331,21142094
XLOC_025900,2,21363207,21363437
XLOC_022949,2,21388093,21389199
XLOC_025919,2,21498282,21501675
XLOC_025931,2,21655915,21656329
XLOC_022973,2,21674122,21674584
XLOC_022979,2,21754049,21756559
XLOC_022980,2,21761346,21761545
XLOC_022987,2,21848101,21865498
XLOC_022991,2,21948306,21949145
XLOC_025975,2,22298459,22305389
XLOC_026001,2,22518125,22524944
XLOC_026002,2,22526040,22526894
XLOC_026011,2,22567217,22567491
XLOC_026016,2,22593093,22593425
XLOC_023058,2,22752172,22752395
XLOC_026037,2,22802391,22803407
XLOC_026053,2,22970391,22971298
XLOC_026061,2,23092441,23093198
XLOC_023112,2,23396001,23398201
XLOC_026103,2,23566168,23569155
XLOC_026115,2,23722523,23723220
XLOC_026140,2,23925573,23927793
XLOC_026142,2,23933264,23935402
XLOC_023169,2,24021624,24022466
XLOC_026173,2,24318941,24319828
XLOC_026175,2,24339674,24339904
XLOC_023208,2,24553889,24554743
XLOC_026249,2,25210013,25210703
XLOC_026268,2,25498589,25499018
XLOC_026326,2,26113514,26113718
XLOC_026328,2,26128914,26129215
XLOC_023324,2,26129753,26134210
XLOC_026329,2,26129872,26132514
XLOC_026346,2,26260078,26260283
XLOC_023369,2,26733776,26733993
XLOC_023400,2,27096342,27096759
XLOC_023414,2,27302096,27302975
XLOC_023422,2,27438984,27439239
XLOC_026458,2,27504955,27505776
XLOC_023424,2,27519640,27520070
XLOC_026466,2,27594159,27601526
XLOC_026508,2,28105175,28106177
XLOC_026517,2,28174818,28180880
XLOC_023482,2,28307411,28312009
XLOC_023484,2,28337161,28340499
XLOC_023487,2,28342425,28344008
XLOC_023497,2,28415112,28418261
XLOC_023498,2,28429087,28433049
XLOC_026561,2,28719369,28720855
XLOC_023556,2,29063051,29065021
XLOC_023587,2,29494757,29495740
XLOC_026664,2,29815821,29817380
XLOC_023630,2,30006258,30006661
XLOC_026705,2,30224237,30224596
XLOC_026710,2,30264372,30265619
XLOC_026729,2,30458921,30464475
XLOC_026791,2,31226798,31227047
XLOC_026797,2,31287772,31288129
XLOC_026800,2,31314183,31314903
XLOC_023750,2,31316231,31316514
XLOC_023813,2,31978951,31983346
XLOC_023837,2,32207804,32208053
XLOC_026888,2,32338929,32348868
XLOC_023850,2,32432161,32432496
XLOC_026906,2,32520426,32520897
XLOC_026917,2,32641129,32641584
XLOC_023869,2,32662616,32663223
XLOC_026951,2,32994081,32996338
XLOC_023900,2,33099898,33101460
XLOC_026975,2,33274781,33275014
XLOC_026993,2,33381069,33382293
XLOC_026994,2,33417604,33421287
XLOC_027011,2,33639955,33651189
XLOC_023972,2,33980039,33982947
XLOC_027073,2,34326637,34327599
XLOC_024013,2,34493613,34495854
XLOC_027088,2,34505422,34506959
XLOC_024016,2,34515907,34516377
XLOC_027105,2,34745274,34745648
XLOC_027106,2,34759901,34760178
XLOC_024061,2,34969177,34972000
XLOC_024104,2,35436048,35437236
XLOC_024120,2,35648292,35649192
XLOC_024126,2,35712543,35713685
XLOC_027212,2,35887286,35889498
XLOC_027217,2,35932590,35932993
XLOC_030512,3,92850,103318
XLOC_027456,3,324580,324889
XLOC_027457,3,335371,337837
XLOC_027460,3,360437,361219
XLOC_027500,3,756061,756558
XLOC_030581,3,1004608,1008533
XLOC_027534,3,1031940,1032661
XLOC_027536,3,1048830,1075682
XLOC_027546,3,1240055,1250704
XLOC_027562,3,1411935,1416582
XLOC_030659,3,1907949,1908781
XLOC_030685,3,2245328,2245674
XLOC_027674,3,2705010,2705295
XLOC_030752,3,2996843,2997325
XLOC_027744,3,3487638,3493295
XLOC_027748,3,3523395,3524354
XLOC_027805,3,4164475,4165485
XLOC_027823,3,4347016,4348204
XLOC_030888,3,4420003,4421428
XLOC_030889,3,4427324,4427739
XLOC_030898,3,4527595,4528735
XLOC_030913,3,4711136,4712548
XLOC_030938,3,4975727,4977863
XLOC_030939,3,4988343,4988958
XLOC_030940,3,4990855,4992664
XLOC_030941,3,4999825,5003147
XLOC_030952,3,5155707,5155944
XLOC_030956,3,5213454,5214183
XLOC_027912,3,5381540,5382201
XLOC_030999,3,5665137,5666072
XLOC_027935,3,5665297,5666072
XLOC_027940,3,5692728,5697813
XLOC_027948,3,5791743,5792333
XLOC_031013,3,5807007,5813658
XLOC_031015,3,5828054,5828282
XLOC_031027,3,6073444,6074154
XLOC_031036,3,6175615,6179078
XLOC_031037,3,6179385,6182575
XLOC_031038,3,6184438,6187876
XLOC_031040,3,6197088,6197545
XLOC_031053,3,6336995,6343335
XLOC_031059,3,6409475,6410661
XLOC_028076,3,7170145,7170397
XLOC_028095,3,7402932,7403623
XLOC_028104,3,7490997,7492528
XLOC_031146,3,7668922,7669929
XLOC_031159,3,7816282,7816848
XLOC_028148,3,7950057,7950692
XLOC_031180,3,8018723,8019197
XLOC_028152,3,8018826,8020236
XLOC_031192,3,8133389,8134612
XLOC_028183,3,8386959,8393569
XLOC_031230,3,8678140,8678886
XLOC_031274,3,9148091,9149381
XLOC_031279,3,9227891,9229320
XLOC_031301,3,9479063,9479479
XLOC_031309,3,9572170,9573094
XLOC_028284,3,9661578,9661815
XLOC_028311,3,9961454,9964156
XLOC_031351,3,10134109,10134462
XLOC_031355,3,10225191,10225499
XLOC_028411,3,11139183,11139792
XLOC_031432,3,11179309,11180017
XLOC_028424,3,11275445,11276761
XLOC_028428,3,11329487,11329817
XLOC_028431,3,11381380,11381834
XLOC_031447,3,11434478,11435595
XLOC_031477,3,11836424,11841928
XLOC_031486,3,11945009,11945834
XLOC_028500,3,12267991,12268590
XLOC_028510,3,12386576,12387127
XLOC_031537,3,12516275,12521290
XLOC_028540,3,12758201,12759594
XLOC_031563,3,12800918,12802198
XLOC_031574,3,12937357,12938501
XLOC_028554,3,12937365,12938377
XLOC_031580,3,13052740,13053620
XLOC_031628,3,13641611,13641922
XLOC_028602,3,13641632,13641922
XLOC_031637,3,13671575,13672216
XLOC_031646,3,13807795,13808641
XLOC_028625,3,13832401,13833066
XLOC_028641,3,14044806,14045794
XLOC_031669,3,14097892,14098423
XLOC_028656,3,14244008,14244619
XLOC_028659,3,14264167,14265778
XLOC_031687,3,14348992,14351009
XLOC_031700,3,14443842,14444499
XLOC_031708,3,14556115,14562788
XLOC_031717,3,14683098,14683929
XLOC_031722,3,14707011,14707750
XLOC_031766,3,15308072,15309375
XLOC_031772,3,15394292,15400507
XLOC_031775,3,15401997,15404532
XLOC_028772,3,15510119,15510553
XLOC_031789,3,15652398,15652738
XLOC_031796,3,15735388,15739192
XLOC_031807,3,15830778,15831432
XLOC_028803,3,15969746,15971091
XLOC_028814,3,16089204,16089833
XLOC_031830,3,16143035,16143445
XLOC_028830,3,16272226,16274416
XLOC_028832,3,16322107,16322899
XLOC_028845,3,16528966,16529496
XLOC_031878,3,16729418,16735393
XLOC_028891,3,17194346,17194639
XLOC_028893,3,17204641,17204842
XLOC_031920,3,17252914,17253408
XLOC_031967,3,17873219,17878724
XLOC_031987,3,18224443,18224939
XLOC_032004,3,18482641,18482853
XLOC_029099,3,19629211,19629438
XLOC_032118,3,19715723,19717726
XLOC_032128,3,19814921,19815337
XLOC_029115,3,19924304,19924679
XLOC_032167,3,20213598,20213864
XLOC_032181,3,20433624,20435352
XLOC_029177,3,20696077,20697871
XLOC_029197,3,21055737,21056706
XLOC_032244,3,21112395,21113256
XLOC_032252,3,21185976,21186631
XLOC_032267,3,21338336,21340337
XLOC_029264,3,21860430,21862574
XLOC_032316,3,21864671,21866741
XLOC_029276,3,21986074,21986489
XLOC_029277,3,21988212,21988505
XLOC_032335,3,22065000,22065268
XLOC_032336,3,22087438,22088263
XLOC_029302,3,22271552,22272148
XLOC_032379,3,22538721,22539493
XLOC_029318,3,22612434,22614490
XLOC_032389,3,22714705,22718510
XLOC_032399,3,22810996,22812231
XLOC_032407,3,22873833,22877048
XLOC_029350,3,22971644,22974027
XLOC_029351,3,22974639,22976584
XLOC_029357,3,23076795,23077924
XLOC_029360,3,23113559,23113860
XLOC_029378,3,23392156,23398275
XLOC_029381,3,23466376,23467082
XLOC_032466,3,23539806,23541376
XLOC_029405,3,23762787,23762988
XLOC_032544,3,24659739,24660167
XLOC_029470,3,24716003,24716564
XLOC_029475,3,24754298,24756555
XLOC_032555,3,24795177,24795472
XLOC_032566,3,24881571,24882202
XLOC_029510,3,25312272,25313416
XLOC_029539,3,25669830,25670105
XLOC_029544,3,25780471,25780700
XLOC_029554,3,25904283,25904631
XLOC_029565,3,26048595,26048826
XLOC_032663,3,26192169,26192431
XLOC_029611,3,26557039,26557559
XLOC_029612,3,26558081,26558461
XLOC_029641,3,26827901,26828362
XLOC_032730,3,26908655,26909167
XLOC_029652,3,26929192,26930059
XLOC_029653,3,26932084,26932301
XLOC_032737,3,26973147,26975398
XLOC_029670,3,27188768,27190457
XLOC_032749,3,27192113,27193826
XLOC_029689,3,27398590,27400333
XLOC_032789,3,27689451,27689651
XLOC_029714,3,27696718,27697566
XLOC_029726,3,27872444,27872952
XLOC_029746,3,28003823,28004451
XLOC_032823,3,28048480,28054236
XLOC_032852,3,28433063,28438204
XLOC_029790,3,28608633,28609995
XLOC_029805,3,28802780,28803574
XLOC_029811,3,28867055,28867307
XLOC_029825,3,29013086,29016021
XLOC_029834,3,29166806,29168155
XLOC_032916,3,29382366,29382807
XLOC_032946,3,29756293,29763107
XLOC_029884,3,29847588,29848578
XLOC_029907,3,30124656,30127455
XLOC_032995,3,30342713,30343115
XLOC_029945,3,30618567,30618794
XLOC_029984,3,30986956,30987389
XLOC_029992,3,31098604,31099873
XLOC_029993,3,31103915,31119528
XLOC_030004,3,31197944,31198221
XLOC_033071,3,31279725,31280025
XLOC_033076,3,31300987,31302001
XLOC_030024,3,31417390,31419906
XLOC_033097,3,31583861,31584435
XLOC_033118,3,31804318,31804769
XLOC_033119,3,31809346,31811437
XLOC_033123,3,31831333,31832023
XLOC_030081,3,31998179,32000700
XLOC_030084,3,32025045,32025486
XLOC_033138,3,32031710,32031983
XLOC_033141,3,32056858,32057501
XLOC_033142,3,32083577,32085018
XLOC_030109,3,32336953,32337532
XLOC_030110,3,32354032,32354839
XLOC_030123,3,32454264,32455983
XLOC_030128,3,32491936,32494233
XLOC_030133,3,32578031,32578656
XLOC_033210,3,32711694,32712400
XLOC_030171,3,32983034,32984506
XLOC_030194,3,33281343,33281883
XLOC_030196,3,33297144,33297585
XLOC_033294,3,33716890,33717729
XLOC_030257,3,33916358,33916829
XLOC_030258,3,33926307,33927202
XLOC_033345,3,34273865,34275439
XLOC_030298,3,34305086,34308798
XLOC_030301,3,34351226,34352916
XLOC_033362,3,34430437,34430759
XLOC_033365,3,34468591,34473225
XLOC_030341,3,34789235,34791043
XLOC_030385,3,35183900,35185678
XLOC_033462,3,35410876,35411854
XLOC_030405,3,35418577,35419180
XLOC_030408,3,35431613,35432511
XLOC_033482,3,35565755,35568310
XLOC_030425,3,35581838,35582667
XLOC_030436,3,35698405,35699724
XLOC_033494,3,35702374,35702599
XLOC_030442,3,35732088,35735988
XLOC_033719,4,222977,223456
XLOC_033721,4,243396,244873
XLOC_033767,4,842600,843612
XLOC_033783,4,920861,921068
XLOC_033790,4,1009688,1010158
XLOC_036760,4,1325176,1327774
XLOC_033824,4,1434683,1435470
XLOC_036848,4,2297213,2298332
XLOC_033917,4,2702194,2702591
XLOC_033919,4,2770835,2771518
XLOC_033923,4,2805115,2806157
XLOC_036895,4,2925378,2925734
XLOC_033933,4,3010684,3011138
XLOC_036919,4,3130909,3131355
XLOC_036923,4,3177911,3178460
XLOC_036932,4,3251353,3251554
XLOC_036933,4,3274156,3287160
XLOC_036951,4,3414229,3415503
XLOC_036953,4,3431073,3431342
XLOC_033973,4,3618821,3628803
XLOC_037001,4,4124893,4125267
XLOC_034035,4,4306919,4307147
XLOC_037019,4,4314664,4316309
XLOC_034038,4,4382055,4385877
XLOC_034040,4,4405564,4418977
XLOC_037038,4,4503983,4504421
XLOC_034066,4,4817046,4822330
XLOC_034075,4,4939779,4940606
XLOC_034096,4,5269518,5269772
XLOC_034141,4,5694780,5695371
XLOC_034144,4,5712757,5713916
XLOC_037139,4,5723163,5723701
XLOC_037183,4,6248415,6249779
XLOC_037187,4,6266591,6268745
XLOC_037211,4,6569291,6570800
XLOC_034223,4,6670579,6670918
XLOC_034249,4,7045986,7046450
XLOC_034274,4,7380439,7381207
XLOC_034277,4,7423779,7424077
XLOC_037296,4,7498273,7499095
XLOC_034313,4,7828076,7829547
XLOC_037326,4,7873286,7876287
XLOC_034318,4,7873457,7877168
XLOC_037329,4,7930401,7943913
XLOC_037371,4,8300712,8303759
XLOC_034360,4,8322686,8323567
XLOC_034369,4,8477693,8478302
XLOC_037392,4,8517945,8518853
XLOC_034397,4,8764417,8767763
XLOC_034457,4,9289025,9290521
XLOC_034486,4,9674204,9674965
XLOC_034487,4,9676353,9678727
XLOC_037529,4,10074712,10075327
XLOC_037563,4,10468501,10472516
XLOC_037603,4,10947971,10949439
XLOC_037605,4,10979604,10980299
XLOC_037615,4,11091092,11092442
XLOC_034609,4,11091212,11092880
XLOC_034633,4,11350986,11351471
XLOC_037683,4,12032617,12037973
XLOC_034685,4,12053383,12054229
XLOC_034690,4,12119656,12134439
XLOC_037703,4,12292431,12292666
XLOC_034777,4,12951815,12952698
XLOC_037754,4,13010007,13010517
XLOC_037769,4,13252818,13253486
XLOC_037783,4,13401791,13404033
XLOC_034818,4,13550977,13551376
XLOC_034820,4,13566362,13566640
XLOC_034831,4,13716129,13716458
XLOC_037821,4,13926262,13928534
XLOC_034861,4,14112588,14112976
XLOC_037849,4,14225865,14227997
XLOC_037873,4,14539342,14539911
XLOC_037882,4,14698623,14699491
XLOC_037884,4,14725596,14728127
XLOC_034961,4,15488673,15492004
XLOC_034963,4,15516039,15519283
XLOC_034979,4,15908054,15908576
XLOC_037999,4,16290284,16291586
XLOC_035008,4,16358619,16359480
XLOC_038013,4,16367365,16367837
XLOC_038018,4,16417412,16418561
XLOC_038020,4,16429955,16432062
XLOC_038022,4,16459132,16459571
XLOC_038025,4,16492952,16494809
XLOC_035041,4,16665931,16666533
XLOC_038053,4,16993509,16996863
XLOC_035070,4,17015488,17016087
XLOC_035076,4,17061822,17063659
XLOC_035077,4,17070779,17071554
XLOC_035080,4,17087514,17092588
XLOC_038086,4,17536265,17536842
XLOC_035254,4,19217335,19217589
XLOC_038222,4,19575639,19586159
XLOC_035288,4,19636976,19638026
XLOC_035300,4,19810857,19811602
XLOC_035304,4,19920476,19920677
XLOC_038249,4,19962911,19963797
XLOC_035308,4,19982997,19983213
XLOC_035310,4,19987359,19988716
XLOC_038274,4,20196134,20196517
XLOC_035339,4,20309013,20320788
XLOC_038289,4,20372065,20372858
XLOC_038290,4,20378448,20381007
XLOC_038301,4,20511068,20511875
XLOC_038303,4,20545223,20545589
XLOC_035382,4,20717186,20717798
XLOC_038319,4,20791493,20793906
XLOC_038324,4,20820706,20821526
XLOC_038326,4,20838421,20851640
XLOC_038327,4,20842214,20843268
XLOC_038329,4,20873812,20874877
XLOC_035433,4,21237318,21237550
XLOC_035472,4,21643956,21658222
XLOC_038388,4,21688627,21688999
XLOC_035480,4,21698573,21699053
XLOC_038437,4,22304810,22305077
XLOC_035556,4,22546785,22547741
XLOC_038457,4,22546895,22547477
XLOC_038463,4,22649977,22650244
XLOC_035600,4,23004515,23005414
XLOC_038501,4,23045141,23056985
XLOC_038505,4,23067821,23069001
XLOC_038507,4,23070480,23075478
XLOC_038526,4,23192374,23200658
XLOC_038535,4,23301304,23302070
XLOC_038549,4,23417343,23418175
XLOC_035646,4,23638146,23638465
XLOC_035652,4,23727415,23733437
XLOC_035688,4,24100378,24100587
XLOC_038633,4,24213324,24217655
XLOC_035718,4,24391879,24393177
XLOC_038677,4,24802969,24803637
XLOC_038684,4,24855478,24856052
XLOC_038701,4,25024074,25026641
XLOC_035789,4,25138609,25139169
XLOC_038720,4,25238024,25241811
XLOC_038727,4,25269987,25271954
XLOC_038878,4,27034789,27037572
XLOC_038879,4,27039315,27043577
XLOC_035944,4,27049214,27049638
XLOC_035945,4,27070097,27070725
XLOC_035946,4,27080654,27082034
XLOC_038887,4,27160848,27162514
XLOC_035965,4,27349882,27351384
XLOC_038913,4,27384971,27385281
XLOC_038921,4,27537039,27537461
XLOC_038932,4,27687855,27688646
XLOC_038956,4,27946004,27946572
XLOC_038957,4,27948300,27948842
XLOC_038990,4,28269337,28270857
XLOC_038995,4,28318455,28318708
XLOC_039005,4,28529150,28532451
XLOC_039048,4,29107410,29108281
XLOC_039054,4,29149159,29150934
XLOC_039085,4,29491329,29492056
XLOC_036140,4,29620813,29621647
XLOC_036227,4,30615394,30616481
XLOC_036234,4,30735430,30737219
XLOC_036240,4,30806923,30807741
XLOC_036241,4,30808600,30809843
XLOC_036261,4,31080535,31083318
XLOC_036290,4,31429702,31430249
XLOC_036329,4,31847994,31848415
XLOC_036356,4,32152789,32154480
XLOC_036358,4,32177467,32178222
XLOC_036359,4,32183388,32187373
XLOC_036360,4,32188892,32192019
XLOC_036361,4,32193188,32195735
XLOC_036366,4,32232372,32232863
XLOC_039332,4,32240215,32243133
XLOC_036390,4,32473325,32474313
XLOC_039369,4,32490254,32490574
XLOC_036401,4,32586528,32587625
XLOC_039400,4,32831797,32832800
XLOC_039402,4,32861249,32863785
XLOC_039428,4,33051451,33052516
XLOC_039431,4,33086633,33086856
XLOC_036515,4,33887191,33887907
XLOC_039509,4,33960637,33960886
XLOC_036527,4,34037070,34037669
XLOC_039608,4,34900127,34900586
XLOC_036600,4,35010720,35010998
XLOC_036611,4,35186374,35187296
XLOC_039639,4,35210356,35213678
XLOC_036639,4,35467364,35469773
XLOC_036646,4,35485384,35485653
XLOC_042370,5,36492,38030
XLOC_042418,5,483406,484622
XLOC_042425,5,525952,526531
XLOC_042450,5,777366,778080
XLOC_042456,5,838681,841617
XLOC_042462,5,887621,889380
XLOC_042466,5,918096,918341
XLOC_039956,5,965201,966022
XLOC_039963,5,1008503,1009253
XLOC_039974,5,1106823,1107765
XLOC_042512,5,1460512,1462015
XLOC_040040,5,1831439,1832933
XLOC_040045,5,1874661,1877064
XLOC_040046,5,1882407,1883294
XLOC_040048,5,1916931,1917419
XLOC_042565,5,2204033,2207087
XLOC_042573,5,2315567,2321102
XLOC_040088,5,2349324,2357729
XLOC_040130,5,2962533,2962738
XLOC_040137,5,2992387,2993676
XLOC_040182,5,3500790,3507637
XLOC_040210,5,3875946,3878255
XLOC_040215,5,3967422,3968195
XLOC_042715,5,3976816,3977199
XLOC_042717,5,3985973,3986200
XLOC_042718,5,3986803,3987044
XLOC_042725,5,4088274,4088661
XLOC_040225,5,4165104,4166488
XLOC_040240,5,4365512,4370554
XLOC_042771,5,4574678,4575519
XLOC_042793,5,4801754,4803320
XLOC_042804,5,4922720,4926399
XLOC_042825,5,5183312,5183659
XLOC_042841,5,5414800,5415555
XLOC_040327,5,5511269,5511995
XLOC_040330,5,5619030,5619521
XLOC_042871,5,5742993,5744283
XLOC_040350,5,5817990,5821604
XLOC_042882,5,5918150,5918579
XLOC_040384,5,6399325,6400065
XLOC_042922,5,6515765,6516284
XLOC_040426,5,7010929,7011337
XLOC_040429,5,7045066,7048864
XLOC_040483,5,7664282,7664736
XLOC_040494,5,7837832,7839434
XLOC_043042,5,7918216,7918470
XLOC_043053,5,8107351,8108280
XLOC_043058,5,8173631,8174166
XLOC_040522,5,8193079,8193485
XLOC_043080,5,8484873,8486013
XLOC_043086,5,8578923,8580218
XLOC_040603,5,9160642,9160862
XLOC_040604,5,9161534,9162040
XLOC_040610,5,9194964,9198496
XLOC_040671,5,10175263,10175686
XLOC_040824,5,12050883,12052889
XLOC_043373,5,12251732,12253826
XLOC_040881,5,12927179,12931322
XLOC_043430,5,12974671,12975283
XLOC_040965,5,14101935,14102565
XLOC_043523,5,14197692,14197925
XLOC_040979,5,14309601,14310269
XLOC_043531,5,14323991,14326927
XLOC_043546,5,14453484,14454576
XLOC_043560,5,14646649,14647357
XLOC_041038,5,15044937,15045917
XLOC_043618,5,15456768,15457387
XLOC_041104,5,15543199,15543558
XLOC_041131,5,16015464,16015964
XLOC_043669,5,16015474,16015957
XLOC_043684,5,16198379,16198630
XLOC_041147,5,16224256,16224885
XLOC_041155,5,16320085,16320686
XLOC_043721,5,16665809,16667338
XLOC_043729,5,16761088,16762092
XLOC_043769,5,17281363,17282114
XLOC_041241,5,17352159,17352562
XLOC_041242,5,17367036,17368283
XLOC_043787,5,17477725,17477982
XLOC_041248,5,17491351,17491817
XLOC_043800,5,17654271,17654926
XLOC_043803,5,17696976,17697185
XLOC_041280,5,17794335,17795184
XLOC_043830,5,17954981,17956859
XLOC_043858,5,18268669,18269159
XLOC_043866,5,18370270,18371228
XLOC_041350,5,18720295,18721736
XLOC_043899,5,18773742,18775592
XLOC_041392,5,19219634,19220604
XLOC_041402,5,19337010,19340531
XLOC_043945,5,19436711,19437506
XLOC_043946,5,19438806,19439324
XLOC_041431,5,19699162,19718278
XLOC_041454,5,20031359,20031772
XLOC_043996,5,20152305,20153245
XLOC_041464,5,20173345,20174238
XLOC_044023,5,20526263,20526826
XLOC_044049,5,20873832,20876714
XLOC_041532,5,20980022,20982106
XLOC_041562,5,21321115,21321925
XLOC_041587,5,21561471,21562321
XLOC_044119,5,21624277,21624517
XLOC_041602,5,21767763,21767971
XLOC_044152,5,22002043,22002606
XLOC_044168,5,22148383,22148790
XLOC_041641,5,22265794,22266509
XLOC_041686,5,22769963,22773385
XLOC_044233,5,22811018,22811961
XLOC_041699,5,22893476,22894104
XLOC_044252,5,23069166,23069897
XLOC_041726,5,23135733,23136621
XLOC_041746,5,23381175,23381596
XLOC_041755,5,23504223,23504963
XLOC_044296,5,23587555,23591019
XLOC_044302,5,23628608,23629987
XLOC_044303,5,23633942,23635597
XLOC_041770,5,23667995,23670215
XLOC_041771,5,23674355,23676256
XLOC_041792,5,23911692,23913089
XLOC_041803,5,24016099,24017891
XLOC_044363,5,24183287,24184387
XLOC_044365,5,24194470,24202645
XLOC_041842,5,24494790,24495481
XLOC_041872,5,24756635,24757635
XLOC_044432,5,24881289,24882390
XLOC_044531,5,26274714,26276362
XLOC_044561,5,26560037,26560768
XLOC_044582,5,26843452,26844912
XLOC_044591,5,26897879,26898839
XLOC_042092,5,26911206,26913445
XLOC_042107,5,27022489,27023125
XLOC_044605,5,27028818,27029046
XLOC_044608,5,27032113,27033021
XLOC_042114,5,27116061,27116998
XLOC_042139,5,27322905,27323729
XLOC_044645,5,27491600,27492837
XLOC_044652,5,27563039,27563446
XLOC_042162,5,27579088,27579845
XLOC_042182,5,27853240,27853733
XLOC_044698,5,28024310,28025440
XLOC_044725,5,28399615,28400136
XLOC_042271,5,28808555,28810429
XLOC_044767,5,28839087,28841241
XLOC_042299,5,29092404,29093604
XLOC_044793,5,29187693,29189383
XLOC_044822,5,29507439,29508541
XLOC_042343,5,29563628,29566485
XLOC_042344,5,29584287,29584717
XLOC_042349,5,29639040,29640134
XLOC_042350,5,29641445,29642486
XLOC_042351,5,29643470,29645979
XLOC_047607,6,49600,50168
XLOC_047668,6,802424,807741
XLOC_047669,6,808837,810698
XLOC_045070,6,847324,849037
XLOC_047727,6,1386294,1388058
XLOC_045173,6,1834994,1836038
XLOC_047789,6,2070375,2072962
XLOC_047810,6,2231478,2233826
XLOC_047818,6,2300655,2301311
XLOC_045215,6,2351683,2352528
XLOC_045227,6,2456045,2457306
XLOC_047935,6,3652716,3654044
XLOC_045390,6,4058583,4059267
XLOC_047985,6,4248363,4249917
XLOC_048002,6,4424595,4425774
XLOC_048004,6,4451876,4452090
XLOC_048005,6,4463817,4467746
XLOC_048010,6,4497375,4498065
XLOC_045440,6,4745463,4745733
XLOC_048036,6,4756426,4756654
XLOC_045443,6,4793701,4795052
XLOC_048071,6,5099531,5100259
XLOC_048075,6,5178184,5179194
XLOC_048077,6,5189238,5190439
XLOC_048085,6,5267155,5268501
XLOC_045485,6,5267493,5268396
XLOC_045496,6,5354015,5356770
XLOC_048094,6,5415241,5415647
XLOC_045508,6,5495317,5495704
XLOC_045511,6,5518202,5518548
XLOC_048100,6,5563177,5563476
XLOC_045530,6,5653969,5654619
XLOC_045606,6,6619023,6620533
XLOC_045618,6,6783038,6787695
XLOC_048211,6,6921064,6922158
XLOC_045632,6,7017850,7019548
XLOC_048245,6,7272181,7273605
XLOC_045657,6,7287799,7290644
XLOC_048314,6,8051516,8054474
XLOC_045751,6,8737176,8737850
XLOC_048386,6,8880023,8884973
XLOC_045765,6,8880068,8885086
XLOC_045767,6,8912833,8913197
XLOC_045769,6,8939295,8942105
XLOC_048423,6,9252831,9253417
XLOC_045805,6,9352075,9352430
XLOC_045826,6,9634233,9636335
XLOC_048468,6,9896995,9900995
XLOC_048484,6,10034904,10036067
XLOC_045875,6,10368934,10369315
XLOC_048513,6,10372087,10373632
XLOC_048545,6,10896935,10897608
XLOC_045928,6,10919082,10921385
XLOC_048562,6,11055835,11058069
XLOC_048598,6,11477801,11482913
XLOC_048621,6,11811010,11811876
XLOC_048645,6,12066826,12067050
XLOC_048698,6,12727090,12727338
XLOC_046080,6,12873415,12873926
XLOC_046102,6,13120368,13122091
XLOC_046108,6,13202203,13205829
XLOC_046113,6,13280837,13285196
XLOC_046135,6,13536403,13537027
XLOC_048775,6,13658593,13661825
XLOC_046150,6,13687535,13687892
XLOC_048786,6,13755395,13757722
XLOC_048793,6,13820693,13821027
XLOC_048799,6,13910335,13912447
XLOC_046176,6,14005008,14005876
XLOC_046185,6,14120706,14120919
XLOC_046186,6,14123218,14123639
XLOC_046194,6,14193766,14195439
XLOC_048830,6,14311892,14312112
XLOC_048831,6,14312757,14314489
XLOC_048837,6,14360332,14361359
XLOC_046216,6,14455406,14456245
XLOC_048853,6,14591233,14591958
XLOC_046235,6,14613597,14615694
XLOC_048857,6,14613637,14615694
XLOC_048868,6,14668760,14671814
XLOC_048879,6,14790280,14790896
XLOC_048909,6,15040566,15041481
XLOC_048910,6,15043818,15044164
XLOC_048924,6,15205942,15206943
XLOC_046290,6,15253776,15254539
XLOC_046309,6,15524035,15524274
XLOC_046314,6,15575790,15579590
XLOC_046333,6,15703431,15703926
XLOC_048977,6,15887471,15887749
XLOC_048990,6,16007227,16011092
XLOC_046358,6,16056333,16056742
XLOC_048999,6,16099970,16102093
XLOC_049011,6,16307488,16309714
XLOC_049024,6,16455922,16466650
XLOC_046392,6,16463493,16464169
XLOC_046414,6,16694714,16695582
XLOC_049049,6,16804289,16806991
XLOC_046425,6,16886742,16888462
XLOC_049069,6,17132213,17132517
XLOC_046449,6,17179135,17179929
XLOC_049080,6,17218160,17219173
XLOC_049081,6,17225154,17226130
XLOC_049124,6,17981813,17982419
XLOC_046559,6,18747243,18747687
XLOC_049223,6,18912557,18915928
XLOC_046576,6,18962120,18965107
XLOC_049262,6,19309894,19310794
XLOC_049297,6,19730623,19733451
XLOC_049308,6,19852437,19856868
XLOC_046698,6,20478795,20479327
XLOC_049406,6,20878161,20879875
XLOC_049437,6,21358383,21358705
XLOC_046764,6,21414885,21415556
XLOC_049483,6,21856053,21858306
XLOC_046805,6,21993318,21993780
XLOC_046811,6,22081819,22085332
XLOC_046818,6,22203476,22203714
XLOC_049558,6,22803782,22805121
XLOC_049560,6,22846090,22847349
XLOC_049566,6,22954844,22955725
XLOC_049571,6,22994327,22997218
XLOC_046892,6,23041823,23042191
XLOC_049587,6,23124100,23124319
XLOC_049602,6,23309053,23309850
XLOC_046926,6,23401338,23405438
XLOC_049618,6,23505794,23506684
XLOC_046950,6,23584958,23585956
XLOC_049641,6,23728860,23731672
XLOC_046974,6,23891501,23893862
XLOC_049667,6,24138106,24141630
XLOC_049681,6,24300814,24302261
XLOC_047044,6,24695353,24695741
XLOC_047049,6,24729508,24730817
XLOC_049706,6,24729571,24730507
XLOC_049716,6,24899498,24901001
XLOC_049723,6,24945612,24953135
XLOC_049738,6,25121718,25127225
XLOC_049764,6,25447279,25447543
XLOC_049765,6,25448913,25450066
XLOC_047151,6,25949758,25950475
XLOC_049801,6,25955285,25957448
XLOC_049809,6,26080176,26081421
XLOC_047167,6,26094936,26096740
XLOC_049821,6,26219994,26220356
XLOC_047199,6,26503979,26504268
XLOC_049880,6,27026930,27037538
XLOC_047254,6,27210879,27211811
XLOC_047258,6,27233588,27234526
XLOC_049896,6,27238105,27238324
XLOC_049920,6,27417547,27418176
XLOC_049932,6,27545678,27546423
XLOC_047300,6,27809117,27810003
XLOC_047315,6,28022526,28023267
XLOC_047317,6,28080776,28083939
XLOC_049989,6,28198591,28198850
XLOC_047333,6,28264510,28266864
XLOC_047371,6,28642453,28644135
XLOC_047393,6,28871404,28873195
XLOC_047405,6,28990255,28993115
XLOC_047408,6,29010089,29010815
XLOC_047419,6,29130503,29131468
XLOC_047431,6,29207378,29208156
XLOC_050099,6,29330071,29330543
XLOC_047485,6,29907206,29908128
XLOC_050158,6,30028407,30028817
XLOC_047507,6,30141516,30150687
XLOC_050168,6,30160348,30161214
XLOC_047571,6,30929717,30930308
XLOC_047588,6,31114659,31115348
XLOC_053039,7,589569,594600
XLOC_053046,7,650903,651409
XLOC_053047,7,671590,672315
XLOC_053055,7,739948,740364
XLOC_050559,7,1251423,1252430
XLOC_050602,7,1616210,1617123
XLOC_050603,7,1617883,1618504
XLOC_050604,7,1620925,1621684
XLOC_053169,7,2029153,2031940
XLOC_050639,7,2072476,2073171
XLOC_053178,7,2092641,2093768
XLOC_050642,7,2100739,2101193
XLOC_050643,7,2104210,2104824
XLOC_053201,7,2262088,2266471
XLOC_050665,7,2279742,2280927
XLOC_050676,7,2395397,2398845
XLOC_050677,7,2400236,2401011
XLOC_053214,7,2464092,2465709
XLOC_053215,7,2466564,2467162
XLOC_050733,7,3117407,3118427
XLOC_050743,7,3214547,3216191
XLOC_053309,7,3533610,3534965
XLOC_050772,7,3533863,3534965
XLOC_050775,7,3555184,3556360
XLOC_050787,7,3672735,3674521
XLOC_053343,7,3922585,3926348
XLOC_053356,7,4062432,4062871
XLOC_053369,7,4241344,4247907
XLOC_050870,7,4567572,4568488
XLOC_053405,7,4724170,4725843
XLOC_050914,7,5084693,5085113
XLOC_050923,7,5171472,5172077
XLOC_050924,7,5173891,5174664
XLOC_053475,7,5592499,5596326
XLOC_050971,7,5670258,5671417
XLOC_051019,7,6375716,6376900
XLOC_053545,7,6376037,6376900
XLOC_051034,7,6641868,6643626
XLOC_053570,7,6685814,6686376
XLOC_053571,7,6694333,6698697
XLOC_053583,7,6850006,6853332
XLOC_053588,7,6914076,6914863
XLOC_051053,7,6931522,6931932
XLOC_051072,7,7237178,7255690
XLOC_053618,7,7337139,7341359
XLOC_051109,7,7713428,7717017
XLOC_051185,7,8484742,8486123
XLOC_053720,7,8679144,8683073
XLOC_051204,7,8709499,8711112
XLOC_053743,7,8986238,8987353
XLOC_053758,7,9122598,9122820
XLOC_053790,7,9552810,9553325
XLOC_053791,7,9555847,9556212
XLOC_053800,7,9689697,9690104
XLOC_053816,7,9893159,9893561
XLOC_053854,7,10279516,10280085
XLOC_051313,7,10336692,10337453
XLOC_053886,7,10634076,10635237
XLOC_051344,7,10722124,10722574
XLOC_053911,7,10938267,10939501
XLOC_051422,7,11666818,11667194
XLOC_051434,7,11844058,11844537
XLOC_051439,7,11908930,11909621
XLOC_051516,7,12992671,12992914
XLOC_051531,7,13147473,13150205
XLOC_051551,7,13416047,13416323
XLOC_051554,7,13427311,13430441
XLOC_054110,7,13587540,13588836
XLOC_051633,7,14399419,14399892
XLOC_051640,7,14485296,14489253
XLOC_054198,7,14761573,14761909
XLOC_054216,7,14993417,14995199
XLOC_051690,7,15025399,15025829
XLOC_051695,7,15083180,15083427
XLOC_054225,7,15093397,15093708
XLOC_054249,7,15395049,15395330
XLOC_051724,7,15452407,15455278
XLOC_051726,7,15484941,15485717
XLOC_054259,7,15571429,15571689
XLOC_051742,7,15634053,15636741
XLOC_054268,7,15676124,15676511
XLOC_051806,7,16426968,16430359
XLOC_054328,7,16705619,16708411
XLOC_054372,7,17174150,17174634
XLOC_051919,7,17867155,17867778
XLOC_051920,7,17868400,17869284
XLOC_054433,7,18019996,18020296
XLOC_051938,7,18152437,18154410
XLOC_054470,7,18474631,18475573
XLOC_054484,7,18682158,18683759
XLOC_054489,7,18766963,18772118
XLOC_054492,7,18810462,18810853
XLOC_054513,7,19092438,19094146
XLOC_054523,7,19193346,19196980
XLOC_054536,7,19301502,19301883
XLOC_054539,7,19355538,19355754
XLOC_052031,7,19367460,19368099
XLOC_054545,7,19432500,19437099
XLOC_052036,7,19476973,19479194
XLOC_054551,7,19536064,19540040
XLOC_052058,7,19776030,19776562
XLOC_054572,7,19792999,19793543
XLOC_052062,7,19794220,19794443
XLOC_054589,7,20158694,20162655
XLOC_054614,7,20549603,20550380
XLOC_052139,7,20606680,20606910
XLOC_052141,7,20640401,20640696
XLOC_054635,7,20786890,20787549
XLOC_054647,7,20959461,20962770
XLOC_054653,7,21032938,21033254
XLOC_052211,7,21259196,21259593
XLOC_054714,7,21613838,21614199
XLOC_054729,7,21763977,21764270
XLOC_052247,7,21787955,21788615
XLOC_052248,7,21795542,21796537
XLOC_052260,7,21935191,21936021
XLOC_052264,7,21983624,21984041
XLOC_052300,7,22374844,22376288
XLOC_052301,7,22385594,22386987
XLOC_052325,7,22601777,22602393
XLOC_054793,7,22610612,22619529
XLOC_054804,7,22720035,22721595
XLOC_054813,7,22813081,22813871
XLOC_052355,7,23055761,23056499
XLOC_054839,7,23095644,23096904
XLOC_054842,7,23124017,23124624
XLOC_052371,7,23204504,23207839
XLOC_054854,7,23237358,23237656
XLOC_054882,7,23450491,23451116
XLOC_054900,7,23692351,23695279
XLOC_052459,7,24078568,24079391
XLOC_054946,7,24259399,24261880
XLOC_054949,7,24301051,24301402
XLOC_055006,7,25001967,25003597
XLOC_052565,7,25212905,25214503
XLOC_052568,7,25260291,25274897
XLOC_055035,7,25427603,25435576
XLOC_052616,7,25752670,25752905
XLOC_052708,7,26669564,26671056
XLOC_055172,7,27062725,27069282
XLOC_055174,7,27083959,27084948
XLOC_055202,7,27438586,27439309
XLOC_055207,7,27490857,27491931
XLOC_055227,7,27817786,27819042
XLOC_055228,7,27823722,27825059
XLOC_055283,7,28458825,28462426
XLOC_055306,7,28703538,28704805
XLOC_055307,7,28713070,28714730
XLOC_052932,7,28930603,28931341
XLOC_055334,7,29125171,29127122
XLOC_055348,7,29285504,29288561
XLOC_055505,8,17268,25933
XLOC_055548,8,646354,647718
XLOC_057905,8,679953,681066
XLOC_057939,8,1142331,1142672
XLOC_055599,8,1344161,1344630
XLOC_057959,8,1358789,1359101
XLOC_057976,8,1547219,1547835
XLOC_055615,8,1573021,1574527
XLOC_057981,8,1621954,1624094
XLOC_055631,8,1707214,1709180
XLOC_058002,8,1838586,1840798
XLOC_055699,8,2571929,2573464
XLOC_055704,8,2642251,2643434
XLOC_058088,8,2890598,2892006
XLOC_058104,8,3050441,3051788
XLOC_058105,8,3053799,3068635
XLOC_055739,8,3117832,3119108
XLOC_055751,8,3298317,3298525
XLOC_055769,8,3579916,3580443
XLOC_058162,8,3736432,3736973
XLOC_058171,8,3832550,3835091
XLOC_055801,8,3832550,3835099
XLOC_055813,8,3955311,3956513
XLOC_055846,8,4308505,4309197
XLOC_055857,8,4437567,4438525
XLOC_055864,8,4535142,4537803
XLOC_055866,8,4550892,4557577
XLOC_058237,8,4669833,4670063
XLOC_058244,8,4746957,4747861
XLOC_058262,8,4952965,4954677
XLOC_055901,8,5049464,5050252
XLOC_058286,8,5164649,5166075
XLOC_058289,8,5225050,5225270
XLOC_055958,8,5593969,5594258
XLOC_055973,8,5713248,5713737
XLOC_055981,8,5810094,5811098
XLOC_055982,8,5818202,5818623
XLOC_058338,8,5818222,5818619
XLOC_056022,8,6358361,6362822
XLOC_056041,8,6553989,6556144
XLOC_058410,8,6801920,6802748
XLOC_056094,8,7298559,7298805
XLOC_058502,8,7816206,7821754
XLOC_056139,8,7881849,7883153
XLOC_058508,8,7881908,7883148
XLOC_058515,8,7981419,7988228
XLOC_058519,8,8011502,8014152
XLOC_056157,8,8070441,8071596
XLOC_058531,8,8138883,8139559
XLOC_058538,8,8178560,8178790
XLOC_058552,8,8335388,8339644
XLOC_058564,8,8466114,8466919
XLOC_058578,8,8631798,8632255
XLOC_056225,8,8852140,8852833
XLOC_056226,8,8854205,8858168
XLOC_058600,8,9000384,9000636
XLOC_058603,8,9042267,9043962
XLOC_058646,8,9487673,9491946
XLOC_058665,8,9673688,9673989
XLOC_058670,8,9743494,9745069
XLOC_056341,8,10309088,10314664
XLOC_056364,8,10600569,10601262
XLOC_058765,8,10853904,10854543
XLOC_058780,8,11074046,11074679
XLOC_058784,8,11142093,11142878
XLOC_056438,8,11418372,11419199
XLOC_056440,8,11438029,11441043
XLOC_058857,8,12006200,12006430
XLOC_056492,8,12064187,12064640
XLOC_058866,8,12143721,12144133
XLOC_058876,8,12270470,12271685
XLOC_056515,8,12318172,12319500
XLOC_058884,8,12403593,12404692
XLOC_058940,8,13064125,13067404
XLOC_058952,8,13277157,13277415
XLOC_058977,8,13631346,13632978
XLOC_056638,8,13811155,13811510
XLOC_058999,8,13959077,13960081
XLOC_056652,8,14012401,14016441
XLOC_056653,8,14020025,14020894
XLOC_056660,8,14137384,14137863
XLOC_059015,8,14159606,14162435
XLOC_056666,8,14240671,14240977
XLOC_056668,8,14283665,14286300
XLOC_059059,8,14616231,14617089
XLOC_059062,8,14681403,14682143
XLOC_059066,8,14712209,14712433
XLOC_056755,8,15336285,15342777
XLOC_056762,8,15402931,15403322
XLOC_056766,8,15488164,15488396
XLOC_059135,8,15729470,15731885
XLOC_056790,8,15732288,15740469
XLOC_059146,8,15817534,15820658
XLOC_056821,8,16171633,16172540
XLOC_059184,8,16253634,16257207
XLOC_059194,8,16392432,16393396
XLOC_059195,8,16434514,16437654
XLOC_056845,8,16447771,16448067
XLOC_056879,8,16849841,16852438
XLOC_056880,8,16855339,16856202
XLOC_059282,8,17479612,17479952
XLOC_059288,8,17535714,17536577
XLOC_059332,8,18145785,18149524
XLOC_059350,8,18457147,18462440
XLOC_059351,8,18465905,18467950
XLOC_059358,8,18527582,18530840
XLOC_057018,8,18605032,18605484
XLOC_057020,8,18652234,18653414
XLOC_057024,8,18691495,18692625
XLOC_057032,8,18769934,18771550
XLOC_057037,8,18846628,18846943
XLOC_057038,8,18870658,18871547
XLOC_059408,8,19212137,19212438
XLOC_057067,8,19228141,19228662
XLOC_057069,8,19271839,19272835
XLOC_059414,8,19283140,19283618
XLOC_059424,8,19393722,19394180
XLOC_057080,8,19421152,19423747
XLOC_057089,8,19553981,19554427
XLOC_057099,8,19657770,19659680
XLOC_057104,8,19711984,19714951
XLOC_059485,8,20096948,20097305
XLOC_059494,8,20230553,20231060
XLOC_059495,8,20233774,20246821
XLOC_057154,8,20266407,20268184
XLOC_059505,8,20386322,20389596
XLOC_059506,8,20392197,20399454
XLOC_057185,8,20656864,20657371
XLOC_057216,8,21023733,21024600
XLOC_059548,8,21041242,21042353
XLOC_057222,8,21093251,21093886
XLOC_057223,8,21094734,21095957
XLOC_057224,8,21096824,21097605
XLOC_057240,8,21321501,21322127
XLOC_057265,8,21653406,21654173
XLOC_059616,8,21969549,21973339
XLOC_057300,8,22150783,22151110
XLOC_057324,8,22380609,22383406
XLOC_059648,8,22483900,22484415
XLOC_059676,8,22775129,22776290
XLOC_059699,8,23097065,23097721
XLOC_059722,8,23485294,23486075
XLOC_059737,8,23680965,23681575
XLOC_059738,8,23691710,23692070
XLOC_057427,8,23891330,23893013
XLOC_057434,8,23963531,23964876
XLOC_059770,8,24064004,24064507
XLOC_059771,8,24067796,24068282
XLOC_059772,8,24072241,24075762
XLOC_057444,8,24085995,24086607
XLOC_059794,8,24326216,24327203
XLOC_059803,8,24491595,24491825
XLOC_059824,8,24795753,24796390
XLOC_059828,8,24811396,24811989
XLOC_059834,8,24887020,24887488
XLOC_057550,8,25163645,25164689
XLOC_059856,8,25183627,25184120
XLOC_057555,8,25197033,25199809
XLOC_059954,8,26189552,26192052
XLOC_057634,8,26283410,26284065
XLOC_057667,8,26662198,26663512
XLOC_057675,8,26756348,26760863
XLOC_057681,8,26807210,26808269
XLOC_057685,8,26858414,26858996
XLOC_060023,8,27062612,27064302
XLOC_057714,8,27180122,27181484
XLOC_057726,8,27356483,27357529
XLOC_057729,8,27373199,27375503
XLOC_057730,8,27386813,27387134
XLOC_060074,8,27618564,27619250
XLOC_060077,8,27629275,27631221
XLOC_060086,8,27679265,27680589
XLOC_060087,8,27682747,27683103
XLOC_057777,8,27815642,27824749
XLOC_057814,8,28158828,28159561
XLOC_060147,8,28336600,28338722
XLOC_060310,9,299377,299886
XLOC_060311,9,301344,301833
XLOC_060345,9,752078,754231
XLOC_062213,9,910993,913769
XLOC_062253,9,1330433,1332063
XLOC_060409,9,1616672,1617509
XLOC_060415,9,1664305,1664901
XLOC_062283,9,1717065,1717698
XLOC_060438,9,1914925,1915196
XLOC_060446,9,2006977,2007433
XLOC_060447,9,2039642,2040165
XLOC_060458,9,2165804,2173498
XLOC_062316,9,2230959,2232426
XLOC_062363,9,2923010,2924937
XLOC_060527,9,2923180,2924982
XLOC_062396,9,3376312,3377696
XLOC_060569,9,3377194,3378353
XLOC_060575,9,3447038,3447787
XLOC_062413,9,3543832,3544904
XLOC_062415,9,3547841,3552763
XLOC_060603,9,3902284,3903339
XLOC_062446,9,3902474,3903389
XLOC_062447,9,3904192,3904600
XLOC_060614,9,4049727,4052407
XLOC_062472,9,4218766,4220452
XLOC_062493,9,4491621,4491880
XLOC_062494,9,4492883,4498201
XLOC_062534,9,5000500,5002973
XLOC_062550,9,5216995,5217743
XLOC_060727,9,5471429,5475551
XLOC_062597,9,5699185,5702146
XLOC_060747,9,5700885,5702146
XLOC_060748,9,5702829,5703965
XLOC_060756,9,5834226,5838083
XLOC_060775,9,6090671,6091265
XLOC_062647,9,6346530,6347550
XLOC_062651,9,6409219,6410160
XLOC_060813,9,6487293,6488520
XLOC_062674,9,6634937,6635500
XLOC_060830,9,6767639,6767881
XLOC_062686,9,6775234,6776321
XLOC_060845,9,7016238,7017550
XLOC_062724,9,7240875,7244210
XLOC_060872,9,7411903,7418292
XLOC_062735,9,7411903,7418593
XLOC_062756,9,7661619,7661829
XLOC_062773,9,7896568,7897183
XLOC_060928,9,8300112,8300411
XLOC_060955,9,8690915,8691242
XLOC_060964,9,8809851,8810383
XLOC_062861,9,9102613,9103706
XLOC_061005,9,9475881,9477772
XLOC_061007,9,9480078,9481548
XLOC_061049,9,9846642,9847883
XLOC_061057,9,9977379,9978306
XLOC_062933,9,10105472,10105876
XLOC_062952,9,10266352,10267391
XLOC_061086,9,10325434,10325809
XLOC_061091,9,10379263,10379690
XLOC_062969,9,10472999,10474735
XLOC_062970,9,10474924,10476830
XLOC_061099,9,10491270,10493905
XLOC_061116,9,10749192,10750058
XLOC_061128,9,10855183,10855438
XLOC_061131,9,10919228,10919464
XLOC_061138,9,10983353,10985191
XLOC_061158,9,11358777,11359513
XLOC_063054,9,11420075,11422728
XLOC_061186,9,11759047,11759630
XLOC_063090,9,11831124,11832139
XLOC_061203,9,11925331,11925770
XLOC_061204,9,11928397,11930006
XLOC_061227,9,12186903,12187142
XLOC_061263,9,12573504,12574006
XLOC_063139,9,12602359,12603700
XLOC_061286,9,12844495,12845151
XLOC_061287,9,12845395,12846535
XLOC_061293,9,12968172,12969425
XLOC_061299,9,13052295,13053245
XLOC_061311,9,13266268,13267824
XLOC_063215,9,13369678,13373013
XLOC_061331,9,13490352,13490717
XLOC_061355,9,13733610,13734902
XLOC_061381,9,14022592,14024236
XLOC_063330,9,14624869,14626043
XLOC_063338,9,14684532,14686991
XLOC_061436,9,14849626,14851050
XLOC_063358,9,15050517,15050751
XLOC_061457,9,15064861,15073527
XLOC_061461,9,15102244,15106470
XLOC_061484,9,15407057,15408203
XLOC_061504,9,15603996,15606458
XLOC_061505,9,15616371,15618473
XLOC_063403,9,15651765,15652061
XLOC_061514,9,15711755,15712807
XLOC_063431,9,16060168,16060815
XLOC_063472,9,16629426,16631287
XLOC_063487,9,16840249,16842888
XLOC_063492,9,16869345,16869971
XLOC_063533,9,17354790,17355529
XLOC_061666,9,17562771,17563624
XLOC_061674,9,17638720,17642608
XLOC_063566,9,17655212,17655694
XLOC_063568,9,17677745,17678445
XLOC_063581,9,17827782,17829930
XLOC_061688,9,17852150,17859930
XLOC_061695,9,17960263,17963524
XLOC_061699,9,18001251,18002383
XLOC_061734,9,18305234,18307432
XLOC_063617,9,18328279,18328529
XLOC_063620,9,18359587,18360297
XLOC_061753,9,18490869,18491468
XLOC_063639,9,18586087,18587587
XLOC_063658,9,18822675,18824058
XLOC_061789,9,18954954,18955550
XLOC_061796,9,19113963,19114321
XLOC_061819,9,19403013,19403478
XLOC_061854,9,19857538,19860157
XLOC_061871,9,19979148,19983384
XLOC_061914,9,20428046,20429088
XLOC_061924,9,20596735,20597042
XLOC_063823,9,20638261,20639233
XLOC_063845,9,20956195,20958048
XLOC_063876,9,21260201,21261928
XLOC_063910,9,21590914,21592265
XLOC_063911,9,21590943,21594348
XLOC_062029,9,21796540,21796953
XLOC_062033,9,21851874,21852319
XLOC_063949,9,21905106,21906545
XLOC_063950,9,21910936,21911523
XLOC_062047,9,21971740,21972992
